{"acc_time":[0.020383875002153218,0.03023987500637304,0.04009787499671802,0.04995587500161491,0.059812874998897314,0.06966987499617971,0.07955787499668077,0.08941487500851508,0.09927187500579748,0.1091278750100173,0.11898387499968521,0.12887387500086334,0.13873087499814574,0.14858787500998005,0.15845187500235625,0.16831587500928435,0.17817987500166055,0.1880398750072345,0.19790187499893364,0.20776387500518467,0.21762787499756087,0.2274898750038119,0.2373538749961881,0.2472178750031162,0.2570808750024298,0.26694287500868086,0.2768088750017341,0.28667187500104774,0.29653587500797585,0.3063968750066124,0.3162608749989886,0.3261238749983022,0.33598387500387616,0.3458458750101272,0.3557078750018263,0.36557087500113994,0.3754318749997765,0.3852958750067046,0.3951578749984037,0.4050178750039777,0.41488187499635387,0.4247438750026049,0.4346068750019185,0.44446987500123214,0.4543318750074832,0.4641938749991823,0.47405487499781884,0.4839168750040699,0.49378287499712314,0.5036448750033742,0.5135078750026878,0.5233718750096159,0.533233875001315,0.5430968750006286,0.5529598749999423,0.5628218750061933,0.5726848750055069,0.582546874997206,0.5924078750103945,0.6022698750020936,0.6121308750007302,0.6219908750063041,0.6318508749973262,0.6417118749959627,0.6515738750022138,0.6614338750077877,0.6712938749988098,0.6811558750050608,0.6910158749960829,0.7008768750092713,0.7107378750079079,0.7205988750065444,0.7304588749975665,0.740319874996203,0.750181875002454,0.7600438750087051,0.7699068750080187,0.7797688749997178,0.7896298749983544,0.7994898750039283,0.8093508750025649,0.8192088750074618,0.8290698750060983,0.8389318749977974,0.8487938750040485,0.8586558750102995,0.868516875008936,0.8783798750082497,0.8882408750068862,0.8981028749985853,0.9079638749972219,0.9178218750021188,0.9276838750083698,0.9375468750076834,0.94740787500632,0.9572708750056336,0.9671328749973327,0.9769958749966463,0.9868578750028973,0.996720875002211,1.0065818750008475],"accZ":[6.854246520996094,7.38908432006836,7.904312896728516,8.019124145507813,7.708220672607422,8.012837219238282,8.244854736328126,8.207881622314453,8.274044036865234,8.097111968994142,7.746690673828126,7.581584014892578,7.805668029785156,8.949439544677734,11.354338531494141,14.096037139892578,16.52997573852539,17.237254943847656,16.672928466796876,15.653099212646485,13.979279937744142,12.162657623291016,10.491981811523438,8.342601470947265,7.959548034667969,10.533595275878907,13.852942657470704,15.060032501220704,13.612542572021486,8.382418670654298,-2.1188438415527346,-15.886613616943361,-26.914031982421875,-26.856401824951174,-18.92589340209961,-6.994804229736329,7.022796020507813,21.096978607177736,39.34103988647461,58.75057754516602,56.15153228759766,37.33595947265625,17.49666549682617,10.035431213378907,7.685168609619141,4.6572651672363286,-1.2240046691894533,-6.590045928955078,-9.215735778808595,-9.705217895507813,-6.666985931396485,-0.8214916992187501,6.512656860351563,12.708273010253906,14.118340759277345,9.29357391357422,4.23484359741211,3.1510972595214843,2.7256819152832032,4.984335021972656,10.920839996337891,22.459445343017578,40.59019226074219,48.13136032104492,42.721160888671875,34.42675918579102,26.400899047851563,16.345110168457033,6.713389434814453,-0.9653425598144532,-5.57844955444336,-6.919959869384766,-6.8478099060058595,-8.785530395507813,-10.928324432373048,-10.930120697021485,-6.801107025146485,1.6598982238769533,11.074720001220705,18.410215759277346,25.96276016235352,29.604087982177735,26.3021044921875,24.530538482666017,17.839752044677734,15.197147369384766,17.747843170166018,15.292798461914064,10.858868865966798,5.060077514648437,1.8455122375488282,0.012573852539062501,-2.6003924560546876,-7.07054672241211,-10.180030517578125,-9.90624984741211,-4.670138397216797,0.8937913513183594,6.180048522949219,14.371314697265626,24.124882049560547]}