{"acc_time":[0.016719874984119087,0.026584874984109774,0.036441875010496005,0.04632987501099706,0.05618687500827946,0.06604387500556186,0.07593187500606291,0.08578887500334531,0.09564587500062771,0.10553387500112876,0.11539087499841116,0.12524787499569356,0.13513587499619462,0.14499287499347702,0.15484987499075942,0.16473087499616668,0.17459687500377186,0.1844648749975022,0.19432987499749288,0.20419687498360872,0.2140648750064429,0.22393187499255873,0.2337978750001639,0.24366587499389425,0.25353087499388494,0.2633978750091046,0.27326687501044944,0.2831318750104401,0.29299887499655597,0.3028678749979008,0.312733875005506,0.3226018749992363,0.33246987499296665,0.34233587500057183,0.3522028749866877,0.36206987500190735,0.3719378749956377,0.381805874989368,0.39167487499071285,0.40154087499831803,0.41140987499966286,0.4212788750010077,0.4311438750009984,0.44100887500098906,0.4508758749871049,0.4607428750023246,0.4706098749884404,0.4804768750036601,0.49034487499739043,0.5002118749835063,0.510078874998726,0.5199468749924563,0.529811874992447,0.5396788750076666,0.549544874986168,0.5594118750013877,0.568734125001356,0.5785911249986384,0.5884581249847542,0.5983241249923594,0.6081911250075791,0.618058124993695,0.6279251250089146,0.6377921249950305,0.6476601249887608,0.657526124996366,0.6673931250115857,0.677261125005316,0.6871281249914318,0.6969951250066515,0.7068641250079963,0.7167281250003725,0.7265951249864884,0.7364611249940936,0.7463251249864697,0.7561921250016894,0.7660581250092946,0.775924124987796,0.7857911250030156,0.7956571250106208,0.8055231249891222,0.8153891249967273,0.8252551250043325,0.8351241250056773,0.8449911249917932,0.854860124993138,0.8647271250083577,0.8745941249944735,0.8844631249958184,0.8943331250047777,0.9042031249846332,0.9140711250074673,0.9239401250088122,0.933809125010157,0.9436761249962728,0.9535441249900032,0.9634121249837335,0.9732811249850783,0.9831511249940377,0.9930181250092573,1.0028881249891128,1.0127571249904577],"accZ":[8.781788177490235,8.534801788330078,8.23841812133789,7.9326040649414065,7.4308474731445315,7.769593048095704,7.998317413330079,7.982899475097657,8.104147338867188,8.295000457763672,8.382718048095704,8.424930267333984,8.453670501708984,8.40846450805664,8.197852478027345,8.082442474365235,8.178692321777344,8.377478942871095,8.285869445800781,8.163424072265625,8.185128936767578,8.210126953125,8.289312286376953,8.375083923339844,8.319549407958984,8.27000244140625,8.371192016601563,8.291856994628906,8.184380493164063,8.131240997314453,8.010292510986329,7.667056274414063,7.952812042236329,9.274563446044922,11.768826599121095,16.241226196289062,18.476677551269532,18.58145965576172,17.546661529541016,16.765735473632812,20.287162628173828,18.299895172119143,13.92314666748047,10.61128372192383,8.200397186279297,5.356461181640626,2.82851806640625,0.38993911743164067,-3.1786399841308595,-8.276738433837892,-13.720318450927735,-18.652561798095704,-20.679796142578127,-17.188306732177736,-9.820627899169923,2.9428802490234376,19.629580078125002,28.799361419677737,35.76826950073242,32.38410690307617,29.587771911621097,22.80477722167969,17.753381652832033,14.62683334350586,10.50695068359375,6.934928741455079,3.7462596130371097,3.093916168212891,3.125201110839844,3.3212933349609375,3.9365139770507813,5.447322235107422,6.995702362060547,7.4079450988769535,9.366023254394532,9.693991241455079,8.986712036132813,8.764873352050781,8.477321319580078,8.116122436523439,8.142467651367188,7.789801025390625,7.6860667419433595,9.872120819091798,11.417058105468751,10.618768157958986,9.634564819335939,8.750353546142579,8.012088775634766,8.205636291503907,8.183931427001953,7.937394104003906,7.179520111083985,6.011648712158204,5.871540069580078,6.909781036376954,8.342152404785157,9.545500030517578,10.373727722167969,10.292147369384766,10.34738250732422,10.208471374511719]}