{"accZ":[8.099806365966797,8.05534881591797,8.173602905273437,8.728498992919922,9.372908935546876,9.685758361816406,9.519005126953125,8.985364837646484,8.583001556396486,8.409512329101563,8.483009490966797,8.643775177001954,8.69481903076172,8.638386383056641,8.744815063476564,8.92039993286133,8.934171295166015,8.982969818115235,8.956474914550782,9.038654022216797,9.181606750488282,9.208251342773439,9.31273406982422,9.176217956542969,8.978179779052734,8.805289306640626,8.756041717529298,8.823102264404298,8.981023864746094,9.129215698242188,9.068292388916015,8.92474090576172,8.893306274414062,8.961564331054689,8.945098571777343,8.865164794921876,9.026080169677735,9.123826904296875,9.147627410888672,9.273665313720704,9.443861389160157,9.478439483642578,9.573042755126954,9.568103027343751,9.356892242431641,8.982071685791016,8.683143310546875,8.23018524169922,7.982151031494141,7.924221496582032,8.209228820800782,8.553812255859375,8.73179214477539,9.115294647216798,9.372459869384766,9.569749603271484,9.778565368652345,9.668843536376954,9.334888000488283,8.990903320312501,8.85768035888672,8.91141860961914,8.9717431640625,8.933572540283203,8.866961059570313,8.866212615966797,8.88836654663086,8.929381256103516,8.982371063232423,9.072333984375,9.206006011962891,9.389075317382813,9.282646636962891,9.037905578613282,8.873996429443359,8.852590942382813,8.882678375244142,9.04119873046875,9.290879516601564,9.4124267578125,9.230405273437501,9.135802001953126,9.129814453125,9.109007720947266,8.715326385498047,8.396639099121094,8.461903381347657,8.759185180664064,9.214388580322266,9.13310760498047,9.222621459960939,9.08475814819336,9.036708068847657,8.923842773437501,8.805588684082032,8.744365997314453,8.688382415771486,8.67520980834961,8.755442962646486,8.908873901367189],"acc_time":[0.030257874983362854,0.040120874997228384,0.04998487498960458,0.05984887498198077,0.06971387498197146,0.07957787497434765,0.08944287497433834,0.09930787497432902,0.1091748749895487,0.1190378749743104,0.12890287497430108,0.1387668749957811,0.1486298749805428,0.15849387500202283,0.16835687498678453,0.17822087497916073,0.18808287498541176,0.19794787498540245,0.20781287498539314,0.21767587499925867,0.22753887498402037,0.23740287497639656,0.2472658749902621,0.2571298749826383,0.2669928749965038,0.27685687498888,0.2867198749736417,0.29658287498750724,0.3064448749937583,0.31630787497852,0.3261708749923855,0.3360338749771472,0.34589787499862723,0.3557628749986179,0.36562387499725446,0.37548787498963065,0.38535087497439235,0.3952138749882579,0.4050778749806341,0.4149408749944996,0.4248048749868758,0.434668874979252,0.44452987497788854,0.4543948749778792,0.46425687498413026,0.4741198749979958,0.4839828749827575,0.4938468749751337,0.5037098749889992,0.5135778749827296,0.523434874980012,0.5332918749772944,0.5431618749862537,0.5530228749848902,0.5628858749987558,0.572747874975903,0.5826088749745395,0.5924708749807905,0.6023308750009164,0.612191874999553,0.6220528749981895,0.631913874996826,0.6417768749815878,0.6516378749802243,0.6614998749864753,0.6713628750003409,0.6812248749774881,0.6910878749913536,0.7009488749899901,0.7108088749810122,0.7206698749796487,0.7305308749782853,0.7403928749845363,0.7502548749907874,0.7601188749831636,0.7699808749894146,0.7798458749894053,0.789710874989396,0.7995738749741577,0.8094378749956377,0.8193008749803994,0.8291648750018794,0.8390298750018701,0.8488928749866318,0.858756874979008,0.8686198749928735,0.8784838749852497,0.8883478749776259,0.8982098749838769,0.908071874990128,0.9179348749748897,0.9277978749887552,0.9376598749950062,0.9475218750012573,0.9573828749998938,0.9672438749985304,0.9771058749756776,0.9869658749958035,0.99682687499444,1.0066898749792017]}