{"acc_time":[0.017322208324912935,0.02721120833302848,0.03706720832269639,0.04692420831997879,0.05681220832047984,0.06666920831776224,0.07655720831826329,0.08641420831554569,0.0962712083128281,0.10615920831332915,0.11601620831061155,0.12587420831550844,0.13576120833749883,0.1456192083132919,0.15548620832851157,0.1653552083298564,0.17522420833120123,0.18509320833254606,0.19496220833389089,0.20483020832762122,0.21469920832896605,0.22456920833792537,0.2344372083316557,0.2443072083115112,0.2541732083191164,0.2640422083204612,0.27391220832942054,0.2837802083231509,0.2936502083321102,0.30351820832584053,0.3133852083119564,0.32325320833479054,0.3331222083361354,0.3429892083222512,0.35285720831598155,0.3627252083097119,0.37259220832493156,0.3824592083110474,0.39232720833388157,0.40219120832625777,0.4120582083123736,0.4219252083275933,0.4317922083137091,0.4416582083213143,0.451525208336534,0.46139620832400396,0.4712632083101198,0.48113320831907913,0.49100220832042396,0.5008712083217688,0.5107392083154991,0.520608208316844,0.5304792083334178,0.5403482083347626,0.5501287499791943,0.5599957499944139,0.5698627499805298,0.5797277499805205,0.5895967499818653,0.599463749997085,0.6093297500046901,0.619196749990806,0.6290647499845363,0.6389307499921415,0.6487977499782573,0.658664749993477,0.6685307500010822,0.678397749987198,0.6882637499948032,0.6981307499809191,0.7079997499822639,0.7178647499822546,0.7277317499974743,0.7375997499912046,0.7474667499773204,0.7573377499938942,0.7672057499876246,0.7770737499813549,0.7869417500041891,0.7968097499979194,0.8066777499916498,0.8165467499929946,0.8264147499867249,0.8362827499804553,0.846147749980446,0.8560147499956656,0.865884750004625,0.875753749976866,0.8856217499997001,0.8954907500010449,0.9053567499795463,0.915223749994766,0.9250917499884963,0.9349557499808725,0.9448237500037067,0.9546907499898225,0.9645567499974277,0.9744227500050329,0.9842887499835342,0.9941567499772646,1.0040237499924842],"accZ":[11.119776306152344,11.919712829589844,12.691507873535157,13.19940170288086,12.967683563232422,12.264595642089844,12.09200454711914,11.459270324707031,10.690169677734376,10.845247192382812,10.797496490478515,9.205107879638673,8.078251190185547,8.608298950195312,9.482181701660156,10.119107208251954,10.259664916992188,9.741592254638672,9.732012176513672,9.080117797851562,8.454568634033203,7.713759155273438,5.853727111816407,4.193529510498047,2.9271629333496096,1.8598823547363281,2.0749850463867188,2.7607090759277346,3.0858329772949222,3.553011474609375,4.054169311523438,3.8252952575683596,2.588567047119141,1.6992663574218752,0.8479866027832031,0.27692413330078125,-0.029189300537109376,1.4147080993652343,7.086713104248047,15.804434509277344,21.275108184814453,21.71369613647461,19.689455566406252,17.06346633911133,16.92650115966797,20.37338333129883,22.761966247558593,23.07601318359375,23.312820739746094,23.24037139892578,22.428459777832032,21.90335174560547,22.591321105957032,23.101310577392578,23.106998748779297,21.44305892944336,17.82463348388672,14.073883209228516,9.682764587402344,4.087699584960938,-0.6903643798828125,-3.817511444091797,-7.115453338623047,-11.144175567626954,-14.65512451171875,-15.515684967041016,-13.244308319091797,-9.442364501953126,-7.325765991210938,-7.637866973876953,-8.268355865478515,-6.765481109619141,-1.312470703125,6.824458465576172,17.780625,30.1914665222168,36.03711044311524,34.0330778503418,28.993507690429688,23.391856384277347,21.944216766357425,22.416634368896485,23.57417724609375,23.56938720703125,21.86697738647461,19.610120544433595,17.187258911132812,14.024785308837892,10.683583374023438,7.461683349609375,4.718936920166016,2.3974145507812503,-0.1011895751953125,-0.9334588623046876,0.3968247985839844,2.8169920349121096,5.319188690185547,6.7246160888671875,6.534212036132812,5.379962310791016,4.426744537353516]}